{"cameraMode":{"drawMode":0,"name":"Shaded","section":"Shading Mode"},"sceneLighting":false,"audioPlay":false,"sceneViewState":{"showFog":true,"showMaterialUpdate":true,"showSkybox":false,"showFlares":true,"showImageEffects":true,"showParticleSystems":true},"in2DMode":false,"pivot":{"x":-109.85677337646485,"y":2.0000014305114748,"z":60.357994079589847},"rotation":{"x":-0.024421749636530877,"y":0.9535745978355408,"z":-0.2891523540019989,"w":-0.08056104183197022},"size":25.05323028564453,"orthographic":false}