{"cameraMode":{"drawMode":0,"name":"Shaded","section":"Shading Mode"},"sceneLighting":false,"audioPlay":false,"sceneViewState":{"showFog":true,"showMaterialUpdate":true,"showSkybox":false,"showFlares":true,"showImageEffects":true,"showParticleSystems":true},"in2DMode":false,"pivot":{"x":-18.52495765686035,"y":-34.57370376586914,"z":50.15204620361328},"rotation":{"x":0.18948617577552796,"y":-0.7378562092781067,"z":0.2310279756784439,"w":0.6052184700965881},"size":79.04092407226563,"orthographic":false}