{"cameraMode":{"drawMode":0,"name":"Shaded","section":"Shading Mode"},"sceneLighting":false,"audioPlay":false,"sceneViewState":{"showFog":true,"showMaterialUpdate":true,"showSkybox":false,"showFlares":true,"showImageEffects":true,"showParticleSystems":true},"in2DMode":false,"pivot":{"x":2.883519172668457,"y":-56.71976089477539,"z":93.30258178710938},"rotation":{"x":0.28564080595970156,"y":0.04326760396361351,"z":-0.012898007407784462,"w":0.9572726488113403},"size":210.01116943359376,"orthographic":false}