{"cameraMode":{"drawMode":0,"name":"Shaded","section":"Shading Mode"},"sceneLighting":true,"audioPlay":false,"sceneViewState":{"showFog":true,"showMaterialUpdate":true,"showSkybox":true,"showFlares":true,"showImageEffects":true,"showParticleSystems":true},"in2DMode":false,"pivot":{"x":-12.44225788116455,"y":10.266276359558106,"z":54.59763717651367},"rotation":{"x":-0.005043879617005587,"y":-0.9533328413963318,"z":0.01591048575937748,"w":-0.30145958065986636},"size":38.40781784057617,"orthographic":false}