{"cameraMode":{"drawMode":0,"name":"Shaded","section":"Shading Mode"},"sceneLighting":false,"audioPlay":false,"sceneViewState":{"showFog":true,"showMaterialUpdate":true,"showSkybox":false,"showFlares":true,"showImageEffects":true,"showParticleSystems":true},"in2DMode":false,"pivot":{"x":-11.453495025634766,"y":5.0648512840271,"z":144.61566162109376},"rotation":{"x":0.3012933135032654,"y":-0.6423050165176392,"z":0.30450645089149477,"w":0.6355646848678589},"size":9.189676284790039,"orthographic":false}