{"cameraMode":{"drawMode":0,"name":"Shaded","section":"Shading Mode"},"sceneLighting":false,"audioPlay":false,"sceneViewState":{"showFog":true,"showMaterialUpdate":true,"showSkybox":false,"showFlares":true,"showImageEffects":true,"showParticleSystems":true},"in2DMode":false,"pivot":{"x":-56.07611083984375,"y":31.95147705078125,"z":77.86406707763672},"rotation":{"x":0.05316049978137016,"y":0.9461700916290283,"z":-0.20657838881015778,"w":0.24343688786029817},"size":35.26536560058594,"orthographic":false}