{"cameraMode":{"drawMode":0,"name":"Shaded","section":"Shading Mode"},"sceneLighting":false,"audioPlay":false,"sceneViewState":{"showFog":true,"showMaterialUpdate":true,"showSkybox":false,"showFlares":true,"showImageEffects":true,"showParticleSystems":true},"in2DMode":false,"pivot":{"x":228.62387084960938,"y":-72.16813659667969,"z":-0.7418909072875977},"rotation":{"x":-0.10002713650465012,"y":-0.8109340667724609,"z":0.14538584649562837,"w":-0.5578920841217041},"size":289.25555419921877,"orthographic":false}