{"cameraMode":{"drawMode":0,"name":"Shaded","section":"Shading Mode"},"sceneLighting":false,"audioPlay":false,"sceneViewState":{"showFog":true,"showMaterialUpdate":true,"showSkybox":false,"showFlares":true,"showImageEffects":true,"showParticleSystems":true},"in2DMode":false,"pivot":{"x":-22.837486267089845,"y":-124.23765563964844,"z":14.221105575561524},"rotation":{"x":0.35090142488479617,"y":-0.6377005577087402,"z":0.4037419259548187,"w":0.5542550683021545},"size":280.0146179199219,"orthographic":false}