{"cameraMode":{"drawMode":0,"name":"Shaded","section":"Shading Mode"},"sceneLighting":true,"audioPlay":false,"sceneViewState":{"showFog":true,"showMaterialUpdate":true,"showSkybox":true,"showFlares":true,"showImageEffects":true,"showParticleSystems":true},"in2DMode":false,"pivot":{"x":-3.6934285163879396,"y":-110.24695587158203,"z":-27.090274810791017},"rotation":{"x":-0.5016776919364929,"y":0.4982769191265106,"z":-0.5040907859802246,"w":-0.4959155023097992},"size":208.16439819335938,"orthographic":false}