{"cameraMode":{"drawMode":0,"name":"Shaded","section":"Shading Mode"},"sceneLighting":false,"audioPlay":false,"sceneViewState":{"showFog":true,"showMaterialUpdate":true,"showSkybox":false,"showFlares":true,"showImageEffects":true,"showParticleSystems":true},"in2DMode":false,"pivot":{"x":290.05718994140627,"y":286.1935729980469,"z":-63.220970153808597},"rotation":{"x":0.03166142851114273,"y":-0.9559242725372315,"z":0.26939624547958376,"w":0.11239252984523773},"size":22.0,"orthographic":false}