{"cameraMode":{"drawMode":0,"name":"Shaded","section":"Shading Mode"},"sceneLighting":false,"audioPlay":false,"sceneViewState":{"showFog":true,"showMaterialUpdate":false,"showSkybox":false,"showFlares":true,"showImageEffects":true,"showParticleSystems":true},"in2DMode":false,"pivot":{"x":-3.485741376876831,"y":-0.2621331214904785,"z":-1.0919084548950196},"rotation":{"x":-0.004272477701306343,"y":-0.9189150929450989,"z":0.3943067491054535,"w":-0.009954825975000859},"size":9.333808898925782,"orthographic":false}