{"cameraMode":{"drawMode":0,"name":"Shaded","section":"Shading Mode"},"sceneLighting":true,"audioPlay":false,"sceneViewState":{"showFog":true,"showMaterialUpdate":true,"showSkybox":true,"showFlares":true,"showImageEffects":true,"showParticleSystems":true},"in2DMode":false,"pivot":{"x":-6.190866947174072,"y":82.67414093017578,"z":-19.720653533935548},"rotation":{"x":-0.5040702819824219,"y":0.4958668649196625,"z":-0.5047562718391419,"w":-0.4952276051044464},"size":0.7440985441207886,"orthographic":false}