{"cameraMode":{"drawMode":0,"name":"Shaded","section":"Shading Mode"},"sceneLighting":false,"audioPlay":false,"sceneViewState":{"showFog":true,"showMaterialUpdate":true,"showSkybox":false,"showFlares":true,"showImageEffects":true,"showParticleSystems":true},"in2DMode":false,"pivot":{"x":37.455909729003909,"y":-62.72188186645508,"z":197.91078186035157},"rotation":{"x":0.22069978713989259,"y":0.3903413414955139,"z":-0.09694260358810425,"w":0.8885536193847656},"size":282.4390563964844,"orthographic":false}