{"cameraMode":{"drawMode":0,"name":"Shaded","section":"Shading Mode"},"sceneLighting":false,"audioPlay":false,"sceneViewState":{"showFog":true,"showMaterialUpdate":true,"showSkybox":false,"showFlares":true,"showImageEffects":true,"showParticleSystems":true},"in2DMode":false,"pivot":{"x":-13.824970245361329,"y":-10.56274127960205,"z":145.70196533203126},"rotation":{"x":0.5138095021247864,"y":-0.4853004217147827,"z":0.4788447916507721,"w":0.5207600593566895},"size":24.275043487548829,"orthographic":false}