{"cameraMode":{"drawMode":0,"name":"Shaded","section":"Shading Mode"},"sceneLighting":false,"audioPlay":false,"sceneViewState":{"showFog":true,"showMaterialUpdate":true,"showSkybox":false,"showFlares":true,"showImageEffects":true,"showParticleSystems":true},"in2DMode":false,"pivot":{"x":-23.190467834472658,"y":-8.894346237182618,"z":-12.796455383300782},"rotation":{"x":0.35600385069847109,"y":0.4715666174888611,"z":-0.21595723927021027,"w":0.7773343324661255},"size":65.40174865722656,"orthographic":false}