{"cameraMode":{"drawMode":0,"name":"Shaded","section":"Shading Mode"},"sceneLighting":true,"audioPlay":false,"sceneViewState":{"showFog":true,"showMaterialUpdate":true,"showSkybox":true,"showFlares":true,"showImageEffects":true,"showParticleSystems":true},"in2DMode":false,"pivot":{"x":29.35936737060547,"y":-114.14071655273438,"z":-2.3287241458892824},"rotation":{"x":-0.5790825486183167,"y":0.40408363938331606,"z":-0.5836122632026672,"w":-0.4009694755077362},"size":225.9425506591797,"orthographic":false}