{"cameraMode":{"drawMode":0,"name":"Shaded","section":"Shading Mode"},"sceneLighting":false,"audioPlay":false,"sceneViewState":{"showFog":true,"showMaterialUpdate":true,"showSkybox":false,"showFlares":true,"showImageEffects":true,"showParticleSystems":true},"in2DMode":false,"pivot":{"x":-94.37554168701172,"y":-52.8770866394043,"z":21.197702407836915},"rotation":{"x":-0.22743387520313264,"y":0.711846649646759,"z":-0.26585936546325686,"w":-0.6089885830879211},"size":280.0146179199219,"orthographic":false}