{"cameraMode":{"drawMode":0,"name":"Shaded","section":"Shading Mode"},"sceneLighting":false,"audioPlay":false,"sceneViewState":{"showFog":true,"showMaterialUpdate":true,"showSkybox":false,"showFlares":true,"showImageEffects":true,"showParticleSystems":true},"in2DMode":false,"pivot":{"x":16.468647003173829,"y":2.0005013942718508,"z":60.36000061035156},"rotation":{"x":0.09380266070365906,"y":0.8937165141105652,"z":-0.3788221776485443,"w":0.2212820202112198},"size":25.974201202392579,"orthographic":false}