{"cameraMode":{"drawMode":0,"name":"Shaded","section":"Shading Mode"},"sceneLighting":false,"audioPlay":false,"sceneViewState":{"showFog":true,"showMaterialUpdate":false,"showSkybox":false,"showFlares":true,"showImageEffects":true,"showParticleSystems":true},"in2DMode":false,"pivot":{"x":10.811101913452149,"y":1.5610299110412598,"z":56.910343170166019},"rotation":{"x":-0.06019265949726105,"y":-0.6696832180023193,"z":0.05460412800312042,"w":-0.7381867170333862},"size":10.570307731628418,"orthographic":false}