{"cameraMode":{"drawMode":0,"name":"Shaded","section":"Shading Mode"},"sceneLighting":false,"audioPlay":false,"sceneViewState":{"showFog":true,"showMaterialUpdate":false,"showSkybox":false,"showFlares":true,"showImageEffects":true,"showParticleSystems":true},"in2DMode":false,"pivot":{"x":24.20168685913086,"y":4.971738338470459,"z":50.16161346435547},"rotation":{"x":0.00562718790024519,"y":-0.8898328542709351,"z":0.01097995787858963,"w":0.4561198353767395},"size":34.015621185302737,"orthographic":false}