{"cameraMode":{"drawMode":0,"name":"Shaded","section":"Shading Mode"},"sceneLighting":true,"audioPlay":false,"sceneViewState":{"showFog":true,"showMaterialUpdate":true,"showSkybox":true,"showFlares":true,"showImageEffects":true,"showParticleSystems":true},"in2DMode":false,"pivot":{"x":6.264524459838867,"y":-1.1053791046142579,"z":-20.823209762573243},"rotation":{"x":0.22461962699890138,"y":-0.5777721405029297,"z":0.16940057277679444,"w":0.7661781311035156},"size":38.40781784057617,"orthographic":false}