{"cameraMode":{"drawMode":0,"name":"Shaded","section":"Shading Mode"},"sceneLighting":false,"audioPlay":false,"sceneViewState":{"showFog":true,"showMaterialUpdate":true,"showSkybox":false,"showFlares":true,"showImageEffects":true,"showParticleSystems":true},"in2DMode":false,"pivot":{"x":234.74765014648438,"y":-47.1309928894043,"z":117.935302734375},"rotation":{"x":0.08620895445346832,"y":0.6725562214851379,"z":-0.07933689653873444,"w":0.7307132482528687},"size":289.25555419921877,"orthographic":false}