{"cameraMode":{"drawMode":0,"name":"Shaded","section":"Shading Mode"},"sceneLighting":false,"audioPlay":false,"sceneViewState":{"showFog":true,"showMaterialUpdate":true,"showSkybox":false,"showFlares":true,"showImageEffects":true,"showParticleSystems":true},"in2DMode":false,"pivot":{"x":-57.52464294433594,"y":-5.2865824699401859,"z":60.42924880981445},"rotation":{"x":0.083614282310009,"y":0.7047409415245056,"z":-0.08423010259866715,"w":0.699467122554779},"size":81.28170013427735,"orthographic":false}