{"cameraMode":{"drawMode":0,"name":"Shaded","section":"Shading Mode"},"sceneLighting":true,"audioPlay":false,"sceneViewState":{"showFog":true,"showMaterialUpdate":true,"showSkybox":true,"showFlares":true,"showImageEffects":true,"showParticleSystems":true},"in2DMode":false,"pivot":{"x":267.1834716796875,"y":63.47010803222656,"z":30.8314208984375},"rotation":{"x":0.03166142851114273,"y":-0.9559242725372315,"z":0.26939624547958376,"w":0.11239252984523773},"size":347.96734619140627,"orthographic":false}