{"cameraMode":{"drawMode":0,"name":"Shaded","section":"Shading Mode"},"sceneLighting":false,"audioPlay":false,"sceneViewState":{"showFog":true,"showMaterialUpdate":true,"showSkybox":false,"showFlares":true,"showImageEffects":true,"showParticleSystems":true},"in2DMode":false,"pivot":{"x":-21.15999984741211,"y":2.3732502460479738,"z":-11.630000114440918},"rotation":{"x":0.09908822923898697,"y":0.6733375787734985,"z":-0.09177076816558838,"w":0.7268949151039124},"size":8.545622825622559,"orthographic":false}