{"cameraMode":{"drawMode":0,"name":"Shaded","section":"Shading Mode"},"sceneLighting":false,"audioPlay":false,"sceneViewState":{"showFog":true,"showMaterialUpdate":false,"showSkybox":false,"showFlares":true,"showImageEffects":true,"showParticleSystems":true},"in2DMode":false,"pivot":{"x":-3.38517165184021,"y":1.2066693305969239,"z":-0.635016679763794},"rotation":{"x":-0.16595762968063355,"y":0.5086377859115601,"z":-0.10063271969556809,"w":-0.8388198614120483},"size":4.666904449462891,"orthographic":false}