{"cameraMode":{"drawMode":0,"name":"Shaded","section":"Shading Mode"},"sceneLighting":false,"audioPlay":false,"sceneViewState":{"showFog":true,"showMaterialUpdate":true,"showSkybox":false,"showFlares":true,"showImageEffects":true,"showParticleSystems":true},"in2DMode":false,"pivot":{"x":16.529464721679689,"y":-112.54293823242188,"z":102.67863464355469},"rotation":{"x":-0.3606623709201813,"y":-0.16811147332191468,"z":0.06625223904848099,"w":-0.9150256514549255},"size":239.6576385498047,"orthographic":false}