{"cameraMode":{"drawMode":0,"name":"Shaded","section":"Shading Mode"},"sceneLighting":false,"audioPlay":false,"sceneViewState":{"showFog":true,"showMaterialUpdate":true,"showSkybox":false,"showFlares":true,"showImageEffects":true,"showParticleSystems":true},"in2DMode":false,"pivot":{"x":7.348849773406982,"y":-4.102847576141357,"z":68.56242370605469},"rotation":{"x":-0.3385050892829895,"y":0.12232281267642975,"z":-0.044438887387514117,"w":-0.9319209456443787},"size":23.323522567749025,"orthographic":false}