{"cameraMode":{"drawMode":0,"name":"Shaded","section":"Shading Mode"},"sceneLighting":false,"audioPlay":false,"sceneViewState":{"showFog":true,"showMaterialUpdate":true,"showSkybox":false,"showFlares":true,"showImageEffects":true,"showParticleSystems":true},"in2DMode":false,"pivot":{"x":158.0294952392578,"y":-39.808040618896487,"z":-110.13381958007813},"rotation":{"x":0.08903750777244568,"y":0.8541837334632874,"z":-0.15582716464996339,"w":0.48801687359809878},"size":224.62594604492188,"orthographic":false}