{"cameraMode":{"drawMode":0,"name":"Shaded","section":"Shading Mode"},"sceneLighting":false,"audioPlay":false,"sceneViewState":{"showFog":true,"showMaterialUpdate":true,"showSkybox":false,"showFlares":true,"showImageEffects":true,"showParticleSystems":true},"in2DMode":false,"pivot":{"x":-15.000007629394532,"y":1.4767744541168213,"z":145.0},"rotation":{"x":0.11820581555366516,"y":-0.7348683476448059,"z":0.13273783028125764,"w":0.6545048356056213},"size":24.275043487548829,"orthographic":false}