{"cameraMode":{"drawMode":0,"name":"Shaded","section":"Shading Mode"},"sceneLighting":false,"audioPlay":false,"sceneViewState":{"showFog":true,"showMaterialUpdate":false,"showSkybox":false,"showFlares":true,"showImageEffects":true,"showParticleSystems":true},"in2DMode":false,"pivot":{"x":-13.895333290100098,"y":-3.1246495246887209,"z":-23.2606258392334},"rotation":{"x":0.00009797995880944654,"y":0.9454503655433655,"z":-0.3257662057876587,"w":0.00028067227685824037},"size":10.975920677185059,"orthographic":false}