{"cameraMode":{"drawMode":0,"name":"Shaded","section":"Shading Mode"},"sceneLighting":true,"audioPlay":false,"sceneViewState":{"showFog":true,"showMaterialUpdate":true,"showSkybox":true,"showFlares":true,"showImageEffects":true,"showParticleSystems":true},"in2DMode":false,"pivot":{"x":-12.718976020812989,"y":17.873756408691408,"z":-25.874088287353517},"rotation":{"x":0.4509456157684326,"y":-0.5421976447105408,"z":0.4395303726196289,"w":0.5563119053840637},"size":43.5052375793457,"orthographic":false}