{"cameraMode":{"drawMode":0,"name":"Shaded","section":"Shading Mode"},"sceneLighting":false,"audioPlay":false,"sceneViewState":{"showFog":true,"showMaterialUpdate":true,"showSkybox":false,"showFlares":true,"showImageEffects":true,"showParticleSystems":true},"in2DMode":false,"pivot":{"x":-11.703169822692871,"y":-1.139908790588379,"z":145.2811279296875},"rotation":{"x":0.07550414651632309,"y":-0.7582379579544067,"z":0.08927512168884278,"w":0.6414080858230591},"size":9.189676284790039,"orthographic":false}