{"cameraMode":{"drawMode":0,"name":"Shaded","section":"Shading Mode"},"sceneLighting":false,"audioPlay":false,"sceneViewState":{"showFog":true,"showMaterialUpdate":false,"showSkybox":false,"showFlares":true,"showImageEffects":true,"showParticleSystems":true},"in2DMode":false,"pivot":{"x":-17.59583282470703,"y":1.5119867324829102,"z":-13.901857376098633},"rotation":{"x":0.10102897882461548,"y":-0.7240253686904907,"z":0.10859329998493195,"w":0.673637866973877},"size":9.34343433380127,"orthographic":false}