{"cameraMode":{"drawMode":0,"name":"Shaded","section":"Shading Mode"},"sceneLighting":true,"audioPlay":false,"sceneViewState":{"showFog":true,"showMaterialUpdate":true,"showSkybox":true,"showFlares":true,"showImageEffects":true,"showParticleSystems":true},"in2DMode":false,"pivot":{"x":-6.19108247756958,"y":-110.25907135009766,"z":-27.09958267211914},"rotation":{"x":-0.5009430646896362,"y":0.4990423023700714,"z":-0.4988429546356201,"w":-0.5011672377586365},"size":208.16439819335938,"orthographic":false}