{"cameraMode":{"drawMode":0,"name":"Shaded","section":"Shading Mode"},"sceneLighting":false,"audioPlay":false,"sceneViewState":{"showFog":true,"showMaterialUpdate":true,"showSkybox":false,"showFlares":true,"showImageEffects":true,"showParticleSystems":true},"in2DMode":false,"pivot":{"x":-58.64133834838867,"y":-71.29645538330078,"z":210.83059692382813},"rotation":{"x":-0.2669014632701874,"y":0.04105208069086075,"z":-0.011388546787202359,"w":-0.9627817273139954},"size":280.0146179199219,"orthographic":false}