{"cameraMode":{"drawMode":0,"name":"Shaded","section":"Shading Mode"},"sceneLighting":false,"audioPlay":false,"sceneViewState":{"showFog":true,"showMaterialUpdate":true,"showSkybox":false,"showFlares":true,"showImageEffects":true,"showParticleSystems":true},"in2DMode":false,"pivot":{"x":187.46080017089845,"y":5.774432182312012,"z":85.14347076416016},"rotation":{"x":0.006656352896243334,"y":0.547359049320221,"z":-0.004344069864600897,"w":0.836860179901123},"size":224.62594604492188,"orthographic":false}