{"cameraMode":{"drawMode":0,"name":"Shaded","section":"Shading Mode"},"sceneLighting":false,"audioPlay":false,"sceneViewState":{"showFog":true,"showMaterialUpdate":true,"showSkybox":false,"showFlares":true,"showImageEffects":true,"showParticleSystems":true},"in2DMode":false,"pivot":{"x":-61.01904296875,"y":-122.15362548828125,"z":172.53543090820313},"rotation":{"x":-0.3634999692440033,"y":0.04247070848941803,"z":-0.016599997878074647,"w":-0.9304775595664978},"size":280.0146179199219,"orthographic":false}