{"cameraMode":{"drawMode":0,"name":"Shaded","section":"Shading Mode"},"sceneLighting":false,"audioPlay":false,"sceneViewState":{"showFog":true,"showMaterialUpdate":true,"showSkybox":false,"showFlares":true,"showImageEffects":true,"showParticleSystems":true},"in2DMode":false,"pivot":{"x":-56.438255310058597,"y":-7.8692145347595219,"z":61.24469757080078},"rotation":{"x":-0.04193654656410217,"y":0.7008119821548462,"z":-0.04135359451174736,"w":-0.7109105587005615},"size":79.04092407226563,"orthographic":false}