{"cameraMode":{"drawMode":0,"name":"Shaded","section":"Shading Mode"},"sceneLighting":false,"audioPlay":false,"sceneViewState":{"showFog":true,"showMaterialUpdate":true,"showSkybox":false,"showFlares":true,"showImageEffects":true,"showParticleSystems":true},"in2DMode":false,"pivot":{"x":-73.78314208984375,"y":35.42092514038086,"z":49.96419906616211},"rotation":{"x":0.1251603364944458,"y":-0.3711092472076416,"z":0.05056340992450714,"w":0.918725311756134},"size":281.68768310546877,"orthographic":false}