{"cameraMode":{"drawMode":0,"name":"Shaded","section":"Shading Mode"},"sceneLighting":false,"audioPlay":false,"sceneViewState":{"showFog":true,"showMaterialUpdate":true,"showSkybox":false,"showFlares":true,"showImageEffects":true,"showParticleSystems":true},"in2DMode":false,"pivot":{"x":-0.8912681937217712,"y":1.1627302169799805,"z":-0.596038818359375},"rotation":{"x":-0.006250136997550726,"y":0.9729804396629334,"z":-0.22927089035511018,"w":-0.02655208483338356},"size":22.0,"orthographic":false}