{"cameraMode":{"drawMode":0,"name":"Shaded","section":"Shading Mode"},"sceneLighting":false,"audioPlay":false,"sceneViewState":{"showFog":true,"showMaterialUpdate":false,"showSkybox":false,"showFlares":true,"showImageEffects":true,"showParticleSystems":true},"in2DMode":false,"pivot":{"x":245.9702606201172,"y":-33.81296157836914,"z":153.09854125976563},"rotation":{"x":-0.05559806525707245,"y":-0.5714192986488342,"z":0.038838837295770648,"w":-0.8178511261940002},"size":281.1122741699219,"orthographic":false}