{"cameraMode":{"drawMode":0,"name":"Shaded","section":"Shading Mode"},"sceneLighting":false,"audioPlay":false,"sceneViewState":{"showFog":true,"showMaterialUpdate":true,"showSkybox":false,"showFlares":true,"showImageEffects":true,"showParticleSystems":true},"in2DMode":false,"pivot":{"x":-35.0,"y":2.006500005722046,"z":52.4901008605957},"rotation":{"x":0.25568705797195437,"y":-0.5617671012878418,"z":0.18802081048488618,"w":0.7639961242675781},"size":18.466001510620118,"orthographic":false}