{"cameraMode":{"drawMode":0,"name":"Shaded","section":"Shading Mode"},"sceneLighting":false,"audioPlay":false,"sceneViewState":{"showFog":true,"showMaterialUpdate":true,"showSkybox":false,"showFlares":true,"showImageEffects":true,"showParticleSystems":true},"in2DMode":false,"pivot":{"x":15.563607215881348,"y":5.451086521148682,"z":76.7978744506836},"rotation":{"x":0.011565697379410267,"y":0.9553630352020264,"z":-0.037706274539232257,"w":0.29279011487960818},"size":32.26951217651367,"orthographic":false}