{"cameraMode":{"drawMode":0,"name":"Shaded","section":"Shading Mode"},"sceneLighting":false,"audioPlay":false,"sceneViewState":{"showFog":true,"showMaterialUpdate":false,"showSkybox":false,"showFlares":true,"showImageEffects":true,"showParticleSystems":true},"in2DMode":false,"pivot":{"x":89.19465637207031,"y":-140.0370635986328,"z":-146.2073516845703},"rotation":{"x":0.0905674621462822,"y":0.9077299237251282,"z":-0.31740981340408327,"w":0.25898832082748415},"size":281.1122741699219,"orthographic":false}