{"cameraMode":{"drawMode":0,"name":"Shaded","section":"Shading Mode"},"sceneLighting":false,"audioPlay":false,"sceneViewState":{"showFog":true,"showMaterialUpdate":false,"showSkybox":false,"showFlares":true,"showImageEffects":true,"showParticleSystems":true},"in2DMode":false,"pivot":{"x":-15.852071762084961,"y":-1.8998181819915772,"z":-3.330857276916504},"rotation":{"x":-0.03625427559018135,"y":0.773018479347229,"z":-0.04435952380299568,"w":-0.631791353225708},"size":23.338376998901368,"orthographic":false}