{"cameraMode":{"drawMode":0,"name":"Shaded","section":"Shading Mode"},"sceneLighting":false,"audioPlay":false,"sceneViewState":{"showFog":true,"showMaterialUpdate":true,"showSkybox":false,"showFlares":true,"showImageEffects":true,"showParticleSystems":true},"in2DMode":false,"pivot":{"x":29.2236328125,"y":3.743313789367676,"z":90.7178726196289},"rotation":{"x":0.15458716452121736,"y":0.66310054063797,"z":-0.142680823802948,"w":0.7183611392974854},"size":32.26951217651367,"orthographic":false}