{"cameraMode":{"drawMode":0,"name":"Shaded","section":"Shading Mode"},"sceneLighting":false,"audioPlay":false,"sceneViewState":{"showFog":true,"showMaterialUpdate":true,"showSkybox":false,"showFlares":true,"showImageEffects":true,"showParticleSystems":true},"in2DMode":false,"pivot":{"x":0.2067732810974121,"y":-0.7400002479553223,"z":-0.030229568481445314},"rotation":{"x":-0.3385050892829895,"y":0.12232281267642975,"z":-0.044438887387514117,"w":-0.9319209456443787},"size":23.323516845703126,"orthographic":false}