{"cameraMode":{"drawMode":0,"name":"Shaded","section":"Shading Mode"},"sceneLighting":false,"audioPlay":false,"sceneViewState":{"showFog":true,"showMaterialUpdate":true,"showSkybox":false,"showFlares":true,"showImageEffects":true,"showParticleSystems":true},"in2DMode":false,"pivot":{"x":-49.99895095825195,"y":21.0,"z":60.43506622314453},"rotation":{"x":0.08620895445346832,"y":0.6725562214851379,"z":-0.07933689653873444,"w":0.7307132482528687},"size":281.0084228515625,"orthographic":false}