{"cameraMode":{"drawMode":0,"name":"Shaded","section":"Shading Mode"},"sceneLighting":false,"audioPlay":false,"sceneViewState":{"showFog":true,"showMaterialUpdate":true,"showSkybox":false,"showFlares":true,"showImageEffects":true,"showParticleSystems":true},"in2DMode":false,"pivot":{"x":-35.0,"y":0.7899953126907349,"z":54.98999786376953},"rotation":{"x":0.2381131500005722,"y":-0.017021939158439637,"z":0.004184355027973652,"w":0.9710792303085327},"size":35.26536560058594,"orthographic":false}