{"cameraMode":{"drawMode":0,"name":"Shaded","section":"Shading Mode"},"sceneLighting":false,"audioPlay":false,"sceneViewState":{"showFog":true,"showMaterialUpdate":false,"showSkybox":false,"showFlares":true,"showImageEffects":true,"showParticleSystems":true},"in2DMode":false,"pivot":{"x":54.79603576660156,"y":2.4482531547546388,"z":51.02708053588867},"rotation":{"x":-0.1764005869626999,"y":0.7288249731063843,"z":-0.2043171525001526,"w":-0.6292468309402466},"size":4.666904449462891,"orthographic":false}