{"cameraMode":{"drawMode":0,"name":"Shaded","section":"Shading Mode"},"sceneLighting":false,"audioPlay":false,"sceneViewState":{"showFog":true,"showMaterialUpdate":true,"showSkybox":false,"showFlares":true,"showImageEffects":true,"showParticleSystems":true},"in2DMode":false,"pivot":{"x":22.68010711669922,"y":-6.321019172668457,"z":33.03703308105469},"rotation":{"x":-0.09459534287452698,"y":0.7142911553382874,"z":-0.09845196455717087,"w":-0.6864015460014343},"size":36.90435028076172,"orthographic":false}