{"cameraMode":{"drawMode":0,"name":"Shaded","section":"Shading Mode"},"sceneLighting":true,"audioPlay":false,"sceneViewState":{"showFog":true,"showMaterialUpdate":true,"showSkybox":true,"showFlares":true,"showImageEffects":true,"showParticleSystems":true},"in2DMode":false,"pivot":{"x":23.12607192993164,"y":32.17878723144531,"z":-30.361927032470704},"rotation":{"x":-0.4807997941970825,"y":0.5185891389846802,"z":-0.48241958022117617,"w":-0.5168833136558533},"size":0.7440985441207886,"orthographic":false}