{"cameraMode":{"drawMode":0,"name":"Shaded","section":"Shading Mode"},"sceneLighting":false,"audioPlay":false,"sceneViewState":{"showFog":true,"showMaterialUpdate":true,"showSkybox":false,"showFlares":true,"showImageEffects":true,"showParticleSystems":true},"in2DMode":false,"pivot":{"x":-112.32087707519531,"y":18.1811466217041,"z":58.42304229736328},"rotation":{"x":-0.0579831600189209,"y":0.919529378414154,"z":-0.35926389694213869,"w":-0.14843575656414033},"size":34.015621185302737,"orthographic":false}