{"cameraMode":{"drawMode":0,"name":"Shaded","section":"Shading Mode"},"sceneLighting":false,"audioPlay":false,"sceneViewState":{"showFog":true,"showMaterialUpdate":false,"showSkybox":false,"showFlares":true,"showImageEffects":true,"showParticleSystems":true},"in2DMode":false,"pivot":{"x":-176.5398406982422,"y":-93.89175415039063,"z":-40.40758514404297},"rotation":{"x":-0.1415829360485077,"y":0.8157170414924622,"z":-0.22476926445960999,"w":-0.5138469934463501},"size":281.13916015625,"orthographic":false}