{"cameraMode":{"drawMode":0,"name":"Shaded","section":"Shading Mode"},"sceneLighting":false,"audioPlay":false,"sceneViewState":{"showFog":true,"showMaterialUpdate":false,"showSkybox":false,"showFlares":true,"showImageEffects":true,"showParticleSystems":true},"in2DMode":false,"pivot":{"x":28.570833206176759,"y":-5.970821380615234,"z":-44.980125427246097},"rotation":{"x":0.11829990893602371,"y":-0.7638091444969177,"z":0.14635172486305238,"w":0.6173993945121765},"size":25.28028106689453,"orthographic":false}