{"cameraMode":{"drawMode":0,"name":"Shaded","section":"Shading Mode"},"sceneLighting":false,"audioPlay":false,"sceneViewState":{"showFog":true,"showMaterialUpdate":false,"showSkybox":false,"showFlares":true,"showImageEffects":true,"showParticleSystems":true},"in2DMode":false,"pivot":{"x":-6.842667102813721,"y":-5.456204414367676,"z":0.8373063206672669},"rotation":{"x":-0.239438995718956,"y":0.6961439251899719,"z":-0.2682565152645111,"w":-0.6213623285293579},"size":23.338376998901368,"orthographic":false}