{"cameraMode":{"drawMode":0,"name":"Shaded","section":"Shading Mode"},"sceneLighting":false,"audioPlay":false,"sceneViewState":{"showFog":true,"showMaterialUpdate":false,"showSkybox":false,"showFlares":true,"showImageEffects":true,"showParticleSystems":true},"in2DMode":false,"pivot":{"x":-16.290260314941408,"y":-2.748527765274048,"z":-20.11487579345703},"rotation":{"x":-0.12756557762622834,"y":0.8724009990692139,"z":-0.33768004179000857,"w":-0.3295690417289734},"size":9.34343433380127,"orthographic":false}