{"cameraMode":{"drawMode":0,"name":"Shaded","section":"Shading Mode"},"sceneLighting":false,"audioPlay":false,"sceneViewState":{"showFog":true,"showMaterialUpdate":false,"showSkybox":false,"showFlares":true,"showImageEffects":true,"showParticleSystems":true},"in2DMode":false,"pivot":{"x":-47.11155319213867,"y":-82.609619140625,"z":-0.8873651027679443},"rotation":{"x":0.3674085736274719,"y":-0.6077252626419067,"z":0.37453529238700869,"w":0.596157968044281},"size":210.03094482421876,"orthographic":false}