{"cameraMode":{"drawMode":0,"name":"Shaded","section":"Shading Mode"},"sceneLighting":false,"audioPlay":false,"sceneViewState":{"showFog":true,"showMaterialUpdate":false,"showSkybox":false,"showFlares":true,"showImageEffects":true,"showParticleSystems":true},"in2DMode":false,"pivot":{"x":-108.7613296508789,"y":-116.38069152832031,"z":-25.480810165405275},"rotation":{"x":-0.06834464520215988,"y":0.9312411546707153,"z":-0.2670871317386627,"w":-0.23829270899295808},"size":280.0146484375,"orthographic":false}