{"cameraMode":{"drawMode":0,"name":"Shaded","section":"Shading Mode"},"sceneLighting":false,"audioPlay":false,"sceneViewState":{"showFog":true,"showMaterialUpdate":false,"showSkybox":false,"showFlares":true,"showImageEffects":true,"showParticleSystems":true},"in2DMode":false,"pivot":{"x":-66.87570190429688,"y":-165.54421997070313,"z":146.928466796875},"rotation":{"x":-0.4075935482978821,"y":0.04298286885023117,"z":-0.01921026036143303,"w":-0.9119490385055542},"size":280.5689392089844,"orthographic":false}