{"cameraMode":{"drawMode":0,"name":"Shaded","section":"Shading Mode"},"sceneLighting":true,"audioPlay":false,"sceneViewState":{"showFog":true,"showMaterialUpdate":false,"showSkybox":true,"showFlares":true,"showImageEffects":true,"showParticleSystems":true},"in2DMode":false,"pivot":{"x":-411.0313415527344,"y":-130.92514038085938,"z":-70.859130859375},"rotation":{"x":-0.08938649296760559,"y":0.8028218150138855,"z":-0.12454807013273239,"w":-0.5761727094650269},"size":465.7767028808594,"orthographic":false}