{"cameraMode":{"drawMode":0,"name":"Shaded","section":"Shading Mode"},"sceneLighting":false,"audioPlay":false,"sceneViewState":{"showFog":true,"showMaterialUpdate":false,"showSkybox":false,"showFlares":true,"showImageEffects":true,"showParticleSystems":true},"in2DMode":false,"pivot":{"x":-13.090107917785645,"y":-4.594152450561523,"z":117.8519515991211},"rotation":{"x":-0.3021243214607239,"y":-0.5228822231292725,"z":0.20510300993919373,"w":-0.7702258229255676},"size":23.338376998901368,"orthographic":false}