{"cameraMode":{"drawMode":0,"name":"Shaded","section":"Shading Mode"},"sceneLighting":false,"audioPlay":false,"sceneViewState":{"showFog":true,"showMaterialUpdate":false,"showSkybox":false,"showFlares":true,"showImageEffects":true,"showParticleSystems":true},"in2DMode":false,"pivot":{"x":-0.5999984741210938,"y":-0.11129069328308106,"z":40.0},"rotation":{"x":-0.23236514627933503,"y":-0.14755839109420777,"z":0.0356903038918972,"w":-0.9607077240943909},"size":280.0146179199219,"orthographic":false}