{"cameraMode":{"drawMode":0,"name":"Shaded","section":"Shading Mode"},"sceneLighting":true,"audioPlay":false,"sceneViewState":{"showFog":true,"showMaterialUpdate":false,"showSkybox":true,"showFlares":true,"showImageEffects":true,"showParticleSystems":true},"in2DMode":false,"pivot":{"x":4.291975975036621,"y":-0.41570141911506655,"z":37.516178131103519},"rotation":{"x":-0.018014688044786454,"y":-0.5848703384399414,"z":0.01299675740301609,"w":-0.810822606086731},"size":23.439559936523439,"orthographic":false}