{"cameraMode":{"drawMode":0,"name":"Shaded","section":"Shading Mode"},"sceneLighting":false,"audioPlay":false,"sceneViewState":{"showFog":true,"showMaterialUpdate":false,"showSkybox":false,"showFlares":true,"showImageEffects":true,"showParticleSystems":true},"in2DMode":false,"pivot":{"x":-29.26043128967285,"y":-177.0460662841797,"z":37.53084945678711},"rotation":{"x":-0.005134818144142628,"y":0.8725445866584778,"z":-0.4884215295314789,"w":-0.009172238409519196},"size":305.7829895019531,"orthographic":false}