{"cameraMode":{"drawMode":0,"name":"Shaded","section":"Shading Mode"},"sceneLighting":false,"audioPlay":false,"sceneViewState":{"showFog":true,"showMaterialUpdate":false,"showSkybox":false,"showFlares":true,"showImageEffects":true,"showParticleSystems":true},"in2DMode":false,"pivot":{"x":-33.99772262573242,"y":5.928940296173096,"z":10.871074676513672},"rotation":{"x":0.010362926870584488,"y":0.9295834302902222,"z":0.026211798191070558,"w":-0.3675326704978943},"size":77.13468933105469,"orthographic":false}