{"cameraMode":{"drawMode":0,"name":"Shaded","section":"Shading Mode"},"sceneLighting":false,"audioPlay":false,"sceneViewState":{"showFog":true,"showMaterialUpdate":false,"showSkybox":false,"showFlares":true,"showImageEffects":true,"showParticleSystems":true},"in2DMode":false,"pivot":{"x":41.5,"y":-0.14254000782966615,"z":39.900001525878909},"rotation":{"x":-0.5143961906433106,"y":-0.004632868338376284,"z":0.0027796172071248295,"w":-0.8575356602668762},"size":23.349119186401368,"orthographic":false}