{"cameraMode":{"drawMode":0,"name":"Shaded","section":"Shading Mode"},"sceneLighting":false,"audioPlay":false,"sceneViewState":{"showFog":true,"showMaterialUpdate":false,"showSkybox":false,"showFlares":true,"showImageEffects":true,"showParticleSystems":true},"in2DMode":false,"pivot":{"x":-7.211288928985596,"y":39.11982727050781,"z":-37.71247863769531},"rotation":{"x":-0.39264145493507388,"y":0.03502394258975983,"z":-0.014965378679335118,"w":-0.9189026951789856},"size":17.704795837402345,"orthographic":false}