{"cameraMode":{"drawMode":0,"name":"Shaded","section":"Shading Mode"},"sceneLighting":true,"audioPlay":false,"sceneViewState":{"showFog":true,"showMaterialUpdate":true,"showSkybox":true,"showFlares":true,"showImageEffects":true,"showParticleSystems":true},"in2DMode":false,"pivot":{"x":21.20574378967285,"y":1.8188668489456177,"z":59.191192626953128},"rotation":{"x":-0.013855629600584507,"y":0.714586079120636,"z":-0.014157356694340706,"w":-0.6992670297622681},"size":23.878894805908204,"orthographic":false}