{"cameraMode":{"drawMode":0,"name":"Shaded","section":"Shading Mode"},"sceneLighting":true,"audioPlay":false,"sceneViewState":{"showFog":true,"showMaterialUpdate":true,"showSkybox":true,"showFlares":true,"showImageEffects":true,"showParticleSystems":true},"in2DMode":false,"pivot":{"x":-531.7122802734375,"y":-40.41862869262695,"z":-109.39579772949219},"rotation":{"x":-0.025441326200962068,"y":0.8133801221847534,"z":-0.03566999360918999,"w":-0.5800803303718567},"size":560.9190673828125,"orthographic":false}