{"cameraMode":{"drawMode":0,"name":"Shaded","section":"Shading Mode"},"sceneLighting":true,"audioPlay":false,"sceneViewState":{"showFog":true,"showMaterialUpdate":false,"showSkybox":true,"showFlares":true,"showImageEffects":true,"showParticleSystems":true},"in2DMode":false,"pivot":{"x":-21.131860733032228,"y":103.59051513671875,"z":-266.5487365722656},"rotation":{"x":0.15715593099594117,"y":-0.000004716070634458447,"z":4.461903699848335e-7,"w":0.9875738024711609},"size":-3.900219678878784,"orthographic":false}