{"cameraMode":{"drawMode":0,"name":"Shaded","section":"Shading Mode"},"sceneLighting":true,"audioPlay":false,"sceneViewState":{"showFog":true,"showMaterialUpdate":false,"showSkybox":true,"showFlares":true,"showImageEffects":true,"showParticleSystems":true},"in2DMode":false,"pivot":{"x":-7.403368949890137,"y":-132.741455078125,"z":-12.064610481262207},"rotation":{"x":0.4883494973182678,"y":-0.5115233063697815,"z":0.49188002943992617,"w":0.5078511238098145},"size":218.50172424316407,"orthographic":false}