{"cameraMode":{"drawMode":0,"name":"Shaded","section":"Shading Mode"},"sceneLighting":true,"audioPlay":false,"sceneViewState":{"showFog":true,"showMaterialUpdate":false,"showSkybox":true,"showFlares":true,"showImageEffects":true,"showParticleSystems":true},"in2DMode":false,"pivot":{"x":8.339439392089844,"y":16.755210876464845,"z":-14.436748504638672},"rotation":{"x":-0.032621026039123538,"y":0.952897846698761,"z":-0.11085086315870285,"w":-0.28041714429855349},"size":78.27609252929688,"orthographic":false}