{"cameraMode":{"drawMode":0,"name":"Shaded","section":"Shading Mode"},"sceneLighting":true,"audioPlay":false,"sceneViewState":{"showFog":true,"showMaterialUpdate":false,"showSkybox":true,"showFlares":true,"showImageEffects":true,"showParticleSystems":true},"in2DMode":false,"pivot":{"x":-159.51914978027345,"y":-31.188879013061525,"z":112.42448425292969},"rotation":{"x":-0.08410269767045975,"y":0.6347902417182922,"z":-0.069794662296772,"w":-0.764916181564331},"size":150.56788635253907,"orthographic":false}