{"cameraMode":{"drawMode":0,"name":"Shaded","section":"Shading Mode"},"sceneLighting":true,"audioPlay":false,"sceneViewState":{"showFog":true,"showMaterialUpdate":false,"showSkybox":true,"showFlares":true,"showImageEffects":true,"showParticleSystems":true},"in2DMode":false,"pivot":{"x":7.466499328613281,"y":-5.5986785888671879,"z":31.487442016601564},"rotation":{"x":-0.3788737654685974,"y":0.3821607828140259,"z":-0.17564187943935395,"w":-0.8243529200553894},"size":78.27609252929688,"orthographic":false}