{"cameraMode":{"drawMode":0,"name":"Shaded","section":"Shading Mode"},"sceneLighting":true,"audioPlay":false,"sceneViewState":{"showFog":true,"showMaterialUpdate":false,"showSkybox":true,"showFlares":true,"showImageEffects":true,"showParticleSystems":true},"in2DMode":false,"pivot":{"x":157.55152893066407,"y":-80.9334945678711,"z":-118.78523254394531},"rotation":{"x":-0.07260831445455551,"y":-0.9029821753501892,"z":0.16880559921264649,"w":-0.3884018361568451},"size":258.2781066894531,"orthographic":false}