{"cameraMode":{"drawMode":0,"name":"Shaded","section":"Shading Mode"},"sceneLighting":false,"audioPlay":false,"sceneViewState":{"showFog":true,"showMaterialUpdate":false,"showSkybox":false,"showFlares":true,"showImageEffects":true,"showParticleSystems":true},"in2DMode":false,"pivot":{"x":-11.33729076385498,"y":-1.778289794921875,"z":-17.922861099243165},"rotation":{"x":-0.3300131857395172,"y":-0.2661491930484772,"z":0.09754732251167298,"w":-0.9004113078117371},"size":9.34343433380127,"orthographic":false}